"YouTube","Facebook","16535"
"YouTube","Eminem","13032"
"Rihanna","Eminem","12930"
"Facebook","Eminem","12766"
"Rihanna","Lady Gaga","11936"
"Lil Wayne","Eminem","11919"
"YouTube","Coca-Cola","11915"
"Rihanna","Facebook","11803"
"Family Guy","The Simpsons","11795"
"Rihanna","YouTube","11517"
"Family Guy","Eminem","11514"
"Facebook","Coca-Cola","11499"
"Rihanna","Katy Perry","11338"
"Family Guy","South Park","11084"
"Lady Gaga","Katy Perry","11082"
"Rihanna","Beyoncé","11029"
"Adam Sandler","Eminem","10850"
"YouTube","Adam Sandler","10837"
"Facebook","Michael Jackson","10655"
"YouTube","Family Guy","10631"
"Lady Gaga","Eminem","10627"
"Facebook","Lady Gaga","10593"
"Rihanna","Shakira","10467"
"YouTube","Disney","10378"
"Katy Perry","Eminem","10373"
"YouTube","The Simpsons","10328"
"Eminem","Michael Jackson","10310"
"Facebook","Disney","10266"
"Facebook","Adam Sandler","10221"
"YouTube","Michael Jackson","10210"
"Linkin Park","Eminem","10154"
"YouTube","Lady Gaga","10128"
"The Simpsons","Eminem","9951"
"YouTube","Katy Perry","9945"
"Facebook","Katy Perry","9913"
"Facebook","Family Guy","9879"
"Family Guy","Adam Sandler","9808"
"Shakira","Facebook","9749"
"Rihanna","Usher","9694"
"AKON","Eminem","9683"
"Usher","Eminem","9678"
"Rihanna","Michael Jackson","9654"
"South Park","The Simpsons","9614"
"YouTube","Oreo","9586"
"Facebook","The Simpsons","9529"
"Lil Wayne","Drake","9442"
"Coca-Cola","Eminem","9404"
"YouTube","Skittles","9400"
"South Park","Eminem","9368"
"Rihanna","Lil Wayne","9353"
"Shakira","YouTube","9341"
"AKON","Rihanna","9256"
"Facebook","Oreo","9205"
"YouTube","South Park","9197"
"Shakira","Eminem","9118"
"YouTube","Music","9089"
"Facebook","Music","8938"
"Facebook","Skittles","8933"
"YouTube","Linkin Park","8920"
"Beyoncé","Eminem","8869"
"Shakira","Lady Gaga","8819"
"Facebook","Vin Diesel","8811"
"Facebook","Lil Wayne","8792"
"Beyoncé","Lady Gaga","8771"
"Vin Diesel","Eminem","8760"
"Lady Gaga","Michael Jackson","8744"
"Megan Fox","Eminem","8736"
"YouTube","Lil Wayne","8732"
"Bob Marley","Eminem","8711"
"Facebook","Linkin Park","8688"
"Disney","Eminem","8671"
"Drake","Eminem","8667"
"Lil Wayne","Family Guy","8646"
"Dr. House","House","8631"
"Beyoncé","Facebook","8622"
"AKON","Facebook","8554"
"YouTube","Vin Diesel","8524"
"Rihanna","Adam Sandler","8523"
"Rihanna","Disney","8511"
"YouTube","Usher","8509"
"Adam Sandler","The Simpsons","8487"
"Facebook","Usher","8470"
"Coca-Cola","Adam Sandler","8458"
"Facebook","South Park","8458"
"Skittles","Eminem","8449"
"YouTube","Toy Story","8437"
"YouTube","Beyoncé","8358"
"Rihanna","Family Guy","8358"
"Rihanna","Coca-Cola","8319"
"Coca-Cola","Disney","8300"
"Will Smith","Adam Sandler","8297"
"YouTube","Will Smith","8274"
"Shakira","Katy Perry","8270"
"Beyoncé","Katy Perry","8264"
"Music","Eminem","8252"
"Adam Sandler","Disney","8247"
"Will Smith","Eminem","8243"
"AKON","YouTube","8225"
"Facebook","Will Smith","8218"
"YouTube","Megan Fox","8180"
"Skittles","Family Guy","8172"
"Facebook","Toy Story","8158"
"Coca-Cola","The Simpsons","8144"
"YouTube","Bob Marley","8132"
"Coca-Cola","Family Guy","8103"
"Shakira","Beyoncé","8096"
"Oreo","Coca-Cola","8095"
"Skittles","Oreo","8048"
"T.I.","Lil Wayne","8047"
"Oreo","Eminem","8033"
"Rihanna","The Simpsons","7996"
"Shakira","Michael Jackson","7957"
"Toy Story","Disney","7951"
"Vin Diesel","Adam Sandler","7938"
"Lil Wayne","Usher","7885"
"South Park","Adam Sandler","7883"
"Lady Gaga","Family Guy","7865"
"Facebook","Megan Fox","7849"
"Oreo","Adam Sandler","7788"
"Skittles","Adam Sandler","7783"
"Katy Perry","Adam Sandler","7766"
"Family Guy","Michael Jackson","7752"
"Rihanna","Vin Diesel","7746"
"Facebook","Taylor Swift","7740"
"YouTube","MTV","7715"
"Lady Gaga","Disney","7714"
"AKON","Shakira","7699"
"Facebook","Bob Marley","7697"
"The Twilight Saga","Facebook","7686"
"Family Guy","Katy Perry","7673"
"Megan Fox","Family Guy","7665"
"Coca-Cola","Lady Gaga","7654"
"Katy Perry","Disney","7651"
"Beyoncé","Usher","7645"
"Family Guy","The Hangover","7642"
"Katy Perry","Usher","7639"
"Facebook","MTV","7634"
"Katy Perry","Michael Jackson","7625"
"Rihanna","Linkin Park","7622"
"Lil Wayne","Michael Jackson","7615"
"Lady Gaga","Usher","7585"
"Skittles","Coca-Cola","7576"
"Rihanna","Avril Lavigne","7567"
"Toy Story","Eminem","7563"
"Lady Gaga","Adam Sandler","7562"
"The Hangover","Eminem","7556"
"T.I.","Eminem","7542"
"Beyoncé","Michael Jackson","7536"
"Adam Sandler","Michael Jackson","7510"
"Coca-Cola","Katy Perry","7499"
"Facebook","SpongeBob SquarePants","7494"
"Family Guy","Music","7482"
"Coca-Cola","Michael Jackson","7480"
"Bob Marley","Family Guy","7479"
"YouTube","SpongeBob SquarePants","7478"
"Facebook","Starbucks","7473"
"Disney","Michael Jackson","7453"
"MTV","Eminem","7447"
"YouTube","Starbucks","7445"
"Lil Wayne","Nicki Minaj","7434"
"Oreo","Family Guy","7417"
"YouTube","Taylor Swift","7407"
"Lady Gaga","Lil Wayne","7397"
"Katy Perry","Taylor Swift","7394"
"Usher","Michael Jackson","7383"
"Rihanna","Taylor Swift","7381"
"Futurama","Family Guy","7379"
"Lil Wayne","Adam Sandler","7372"
"The Twilight Saga","YouTube","7371"
"Rihanna","Will Smith","7334"
"Facebook","Harry Potter","7334"
"Oreo","Disney","7327"
"Facebook","Avril Lavigne","7312"
"Toy Story","Adam Sandler","7291"
"Family Guy","Linkin Park","7289"
"AKON","Usher","7282"
"AKON","Lil Wayne","7273"
"Katy Perry","The Simpsons","7267"
"YouTube","iTunes","7267"
"The Twilight Saga","Rihanna","7242"
"Bob Marley","Adam Sandler","7226"
"Taylor Swift","Eminem","7221"
"Will Smith","Michael Jackson","7215"
"Rihanna","Drake","7215"
"YouTube","Harry Potter","7214"
"Megan Fox","Adam Sandler","7197"
"AKON","Michael Jackson","7197"
"Music","Adam Sandler","7184"
"Lady Gaga","The Simpsons","7182"
"Avril Lavigne","Eminem","7160"
"Coca-Cola","South Park","7158"
"Lady Gaga","Taylor Swift","7131"
"Skittles","The Simpsons","7126"
"YouTube","Avril Lavigne","7126"
"Family Guy","Disney","7104"
"Linkin Park","Adam Sandler","7096"
"Lil Wayne","Katy Perry","7094"
"The Twilight Saga","Eminem","7082"
"Vin Diesel","Michael Jackson","7069"
"The Simpsons","Michael Jackson","7059"
"Rihanna","MTV","7054"
"Katy Perry","Avril Lavigne","7054"
"Shakira","Disney","7053"
"Beyoncé","Lil Wayne","7044"
"Facebook","iTunes","7040"
"Facebook","Barack Obama","7037"
"The Simpsons","Disney","7031"
"Lady Gaga","Linkin Park","7030"
"Rihanna","Skittles","7022"
"Eminem","50 Cent","7022"
"The Twilight Saga","Lady Gaga","6994"
"AKON","Lady Gaga","6986"
"Rihanna","Oreo","6972"
"Facebook","Selena Gomez ","6971"
"T.I.","Drake","6963"
"Rihanna","Black Eyed Peas","6950"
"Rihanna","Music","6936"
"YouTube","House","6917"
"Drake","Nicki Minaj","6901"
"Rihanna","Bob Marley","6887"
"Bob Marley","Michael Jackson","6885"
"Skittles","Katy Perry","6882"
"Coca-Cola","Toy Story","6869"
"Lady Gaga","Avril Lavigne","6859"
"Katy Perry","Linkin Park","6849"
"Oreo","The Simpsons","6849"
"Lady Gaga","Vin Diesel","6846"
"Rihanna","Alicia Keys","6841"
"Rihanna","Toy Story","6835"
"Music","Michael Jackson","6825"
"Eminem","Black Eyed Peas","6822"
"Lil Wayne","The Simpsons","6816"
"Shakira","Usher","6805"
"SpongeBob SquarePants","Eminem","6799"
"Toy Story","Family Guy","6797"
"Linkin Park","Michael Jackson","6788"
"Rihanna","South Park","6783"
"Music","Movies","6773"
"Adam Sandler","The Hangover","6771"
"Shakira","Coca-Cola","6760"
"Futurama","The Simpsons","6760"
"Two and a Half Men","Family Guy","6757"
"Lil Wayne","Bob Marley","6746"
"Lil Wayne","South Park","6742"
"Linkin Park","The Simpsons","6723"
"Skittles","Disney","6718"
"Facebook","House","6694"
"Family Guy","Drake","6690"
"AKON","Beyoncé","6678"
"Oreo","Katy Perry","6674"
"Skittles","Lady Gaga","6668"
"Two and a Half Men","Eminem","6665"
"Bob Marley","The Simpsons","6663"
"Shakira","Avril Lavigne","6652"
"House","Eminem","6650"
"Rihanna","Megan Fox","6645"
"Usher","Adam Sandler","6640"
"Coca-Cola","Vin Diesel","6639"
"Vin Diesel","Will Smith","6635"
"Lady Gaga","Music","6631"
"The Twilight Saga","Katy Perry","6630"
"Harry Potter","Eminem","6627"
"YouTube","Selena Gomez ","6618"
"AKON","Katy Perry","6617"
"YouTube","Drake","6597"
"Coca-Cola","Linkin Park","6585"
"Barack Obama","Michael Jackson","6575"
"Starbucks","Eminem","6568"
"Will Smith","Disney","6557"
"Oreo","Lady Gaga","6554"
"Drake","Usher","6554"
"Coca-Cola","Music","6553"
"Usher","Disney","6552"
"Beyoncé","Disney","6552"
"Nicki Minaj","Eminem","6543"
"Toy Story","The Simpsons","6543"
"Toy Story","Katy Perry","6541"
"Facebook","Drake","6538"
"South Park","Linkin Park","6537"
"YouTube","Converse","6534"
"Family Guy","Will Smith","6533"
"YouTube","PlayStation","6515"
"YouTube","Black Eyed Peas","6509"
"成龍 Jackie Chan","YouTube","6505"
"Rihanna","Selena Gomez ","6504"
"Vin Diesel","Disney","6502"
"Megan Fox","The Simpsons","6500"
"Music","Disney","6489"
"Lil Wayne","Will Smith","6489"
"Family Guy","Usher","6485"
"YouTube","Red Bull","6482"
"Oreo","Toy Story","6481"
"Family Guy","House","6480"
"Bob Marley","South Park","6477"
"成龍 Jackie Chan","Facebook","6446"
"Two and a Half Men","Adam Sandler","6429"
"Skittles","South Park","6424"
"YouTube","The Hangover","6416"
"Rihanna","Justin Bieber","6407"
"Facebook","Black Eyed Peas","6405"
"Lil Wayne","Trey Songz","6392"
"Megan Fox","South Park","6388"
"House","Adam Sandler","6388"
"Coca-Cola","Lil Wayne","6388"
"Two and a Half Men","YouTube","6379"
"YouTube","Barack Obama","6378"
"Katy Perry","Black Eyed Peas","6377"
"Beyoncé","Alicia Keys","6376"
"Skittles","Lil Wayne","6372"
"Music","The Simpsons","6367"
"Lady Gaga","South Park","6365"
"Shakira","Linkin Park","6355"
"Lady Gaga","Toy Story","6347"
"Rihanna","Harry Potter","6344"
"Skittles","Michael Jackson","6340"
"Family Guy","Vin Diesel","6338"
"Coca-Cola","Usher","6332"
"Katy Perry","South Park","6329"
"Alicia Keys","Eminem","6317"
"AKON","Linkin Park","6313"
"Coca-Cola","Will Smith","6313"
"South Park","Michael Jackson","6308"
"Music","Linkin Park","6294"
"Lady Gaga","Black Eyed Peas","6289"
"Lil Wayne","Megan Fox","6281"
"Starbucks","Adam Sandler","6277"
"Converse All Star","YouTube","6272"
"Katy Perry","Vin Diesel","6269"
"Drake","Trey Songz","6266"
"SpongeBob SquarePants","Family Guy","6256"
"Rihanna","T.I.","6254"
"Coca-Cola","Bob Marley","6247"
"The Twilight Saga","Disney","6245"
"Converse All Star","Converse","6242"
"Rihanna","SpongeBob SquarePants","6239"
"Futurama","South Park","6237"
"Facebook","Justin Bieber","6236"
"Katy Perry","Music","6232"
"Beyoncé","Coca-Cola","6225"
"Rihanna","Nicki Minaj","6217"
"Converse","Facebook","6215"
"Rihanna","Chris Brown","6206"
"Megan Fox","Michael Jackson","6202"
"Two and a Half Men","The Simpsons","6196"
"Lil Wayne","Linkin Park","6194"
"Beyoncé","Adam Sandler","6184"
"Harry Potter","Disney","6173"
"Skittles","Toy Story","6171"
"Enrique Iglesias","Rihanna","6165"
"SpongeBob SquarePants","Disney","6158"
"Vin Diesel","Linkin Park","6149"
"Facebook","Red Bull","6147"
"Eminem","Selena Gomez ","6146"
"Taylor Swift","Disney","6141"
"Shakira","Vin Diesel","6141"
"Katy Perry","Selena Gomez ","6141"
"Shakira","Lil Wayne","6140"
"Eminem","iTunes","6134"
"Katy Perry","Kesha","6131"
"Shakira","Taylor Swift","6130"
"Shakira","Adam Sandler","6125"
"Coca-Cola","Megan Fox","6104"
"Lady Gaga","Harry Potter","6100"
"Victoria's Secret","Victoria's Secret Pink","6098"
"Usher","The Simpsons","6096"
"Lil Wayne","Chris Brown","6083"
"Shakira","The Simpsons","6081"
"Chris Brown","Eminem","6080"
"Facebook","PlayStation","6078"
"Two and a Half Men","Facebook","6067"
"Katy Perry","MTV","6067"
"Lady Gaga","MTV","6063"
"Lady Gaga","Starbucks","6062"
"Coca-Cola","Starbucks","6055"
"SpongeBob SquarePants","The Simpsons","6046"
"Barack Obama","Eminem","6045"
"Megan Fox","Linkin Park","6029"
"Linkin Park","Disney","6028"
"Taylor Swift","Avril Lavigne","6027"
"Will Smith","Usher","6017"
"Lady Gaga","Bob Marley","6013"
"Enrique Iglesias","Shakira","6003"
"Lady Gaga","Selena Gomez ","6002"
"Beyoncé","Family Guy","5995"
"Converse All Star","Facebook","5990"
"Starbucks","Family Guy","5985"
"Linkin Park","Avril Lavigne","5985"
"Eminem","Justin Bieber","5977"
"Megan Fox","Katy Perry","5973"
"Facebook","The Hangover","5971"
"Oreo","Starbucks","5951"
"South Park","Music","5945"
"Rihanna","Kesha","5945"
"AKON","Coca-Cola","5941"
"Toy Story","Michael Jackson","5939"
"SpongeBob SquarePants","Katy Perry","5934"
"Beyoncé","Will Smith","5931"
"Green Day","Linkin Park","5930"
"Lil Wayne","Vin Diesel","5928"
"Starbucks","Disney","5926"
"Oreo","Lil Wayne","5924"
"Shakira","MTV","5922"
"Red Bull","Eminem","5903"
"Facebook","Alicia Keys","5893"
"Coca-Cola","MTV","5893"
"MTV","Disney","5892"
"Adam Sandler","iTunes","5890"
"Rihanna","Starbucks","5889"
"Will Smith","The Simpsons","5885"
"Lady Gaga","Justin Bieber","5885"
"Vin Diesel","The Simpsons","5881"
"成龍 Jackie Chan","Eminem","5879"
"SpongeBob SquarePants","Coca-Cola","5875"
"SpongeBob SquarePants","Lady Gaga","5874"
"Lil Wayne","Disney","5866"
"YouTube","Dr Pepper","5857"
"YouTube","Shrek","5852"
"Drake","Michael Jackson","5840"
"South Park","Disney","5837"
"Lil Wayne","Music","5836"
"The Twilight Saga","Taylor Swift","5827"
"Beyoncé","The Simpsons","5826"
"Bob Marley","Linkin Park","5821"
"YouTube","T.I.","5812"
"Shakira","Selena Gomez ","5808"
"Lady Gaga","Will Smith","5808"
"Lady Gaga","Megan Fox","5807"
"Katy Perry","Harry Potter","5805"
"Jackass","YouTube","5799"
"Jackass","Eminem","5799"
"T.I.","Usher","5798"
"Facebook","T.I.","5796"
"PlayStation","Eminem","5790"
"Alicia Keys","Michael Jackson","5788"
"Metallica","Linkin Park","5782"
"Lil Wayne","The Hangover","5778"
"Coca-Cola","iTunes","5775"
"Alicia Keys","Usher","5770"
"Shakira","Family Guy","5770"
"Beyoncé","Avril Lavigne","5769"
"Vin Diesel","Usher","5762"
"AKON","Disney","5760"
"Beyoncé","Vin Diesel","5747"
"Drake","Adam Sandler","5747"
"SpongeBob SquarePants","Adam Sandler","5745"
"Jackass","Family Guy","5744"
"Taylor Swift","Selena Gomez ","5740"
"Rihanna","Barack Obama","5738"
"The Twilight Saga","Michael Jackson","5737"
"Beyoncé","Drake","5721"
"Bob Marley","Music","5718"
"Katy Perry","Will Smith","5713"
"Lady Gaga","Kesha","5713"
"YouTube","Alicia Keys","5712"
"Texas Hold'em Poker","Facebook","5711"
"AKON","Adam Sandler","5710"
"Metallica","AC/DC","5705"
"Skittles","Usher","5703"
"AKON","Vin Diesel","5698"
"Oreo","Usher","5692"
"Lil Wayne","Alicia Keys","5687"
"AKON","The Simpsons","5687"
"T.I.","Family Guy","5686"
"YouTube","Justin Bieber","5680"
"T.I.","Nicki Minaj","5680"
"The Twilight Saga","Shakira","5674"
"Facebook","Shrek","5672"
"Bob Marley","Katy Perry","5669"
"Rihanna","50 Cent","5668"
"SpongeBob SquarePants","Toy Story","5665"
"Harry Potter","Michael Jackson","5663"
"Trey Songz","Nicki Minaj","5658"
"Bob Marley","Vin Diesel","5658"
"The Twilight Saga","Adam Sandler","5657"
"AKON","Family Guy","5655"
"Linkin Park","Usher","5653"
"Enrique Iglesias","Facebook","5650"
"Facebook","Pringles","5646"
"Lil Wayne","50 Cent","5640"
"Chris Brown","Usher","5630"
"MTV","Michael Jackson","5627"
"SpongeBob SquarePants","Oreo","5620"
"Beyoncé","Taylor Swift","5613"
"Taylor Swift","Michael Jackson","5610"
"Megan Fox","Bob Marley","5610"
"Adam Sandler","MTV","5607"
"The Hangover","The Simpsons","5606"
"The Twilight Saga","Twilight","5604"
"South Park","The Hangover","5604"
"Will Smith","Fresh Prince","5602"
"Megan Fox","Vin Diesel","5599"
"SpongeBob SquarePants","Skittles","5594"
"Kesha","Eminem","5589"
"Oreo","Vin Diesel","5585"
"Lady Gaga","Drake","5584"
"Toy Story","South Park","5583"
"Disney","Avril Lavigne","5580"
"The Twilight Saga","Vin Diesel","5576"
"T.I.","Trey Songz","5573"
"Jackass","Adam Sandler","5572"
"The Twilight Saga","Coca-Cola","5572"
"Usher","Black Eyed Peas","5571"
"Converse","Eminem","5565"
"Shakira","Harry Potter","5564"
"Bob Marley","Disney","5556"
"Vin Diesel","Music","5555"
"Shrek","Disney","5554"
"Shakira","Will Smith","5552"
"Katy Perry","Drake","5548"
"Facebook","50 Cent","5547"
"Enrique Iglesias","Eminem","5543"
"Toy Story","Usher","5537"
"YouTube","50 Cent","5531"
"Facebook","Mr. Bean","5531"
"Facebook","Dr Pepper","5529"
"Skittles","Megan Fox","5527"
"Trey Songz","Eminem","5527"
"Metallica","Eminem","5526"
"Lil Wayne","MTV","5524"
"Shakira","Music","5522"
"Usher","MTV","5519"
"Shakira","Megan Fox","5517"
"Disney","iTunes","5495"
"Megan Fox","Music","5493"
"Will Smith","Barack Obama","5490"
"Coca-Cola","Taylor Swift","5485"
"Rihanna","The Hangover","5478"
"Futurama","Eminem","5474"
"AKON","MTV","5470"
"MTV","The Simpsons","5466"
"Shakira","Justin Bieber","5462"
"Lil Wayne","Barack Obama","5459"
"Adam Sandler","Taylor Swift","5455"
"YouTube","Mr. Bean","5452"
"Shakira","Toy Story","5451"
"The Twilight Saga","Beyoncé","5449"
"AKON","50 Cent","5449"
"Usher","Taylor Swift","5443"
"Katy Perry","Justin Bieber","5438"
"Coca-Cola","House","5436"
"Texas Hold'em Poker","Eminem","5433"
"Bob Marley","Will Smith","5433"
"House","The Simpsons","5432"
"SpongeBob SquarePants","Michael Jackson","5432"
"Bob Marley","Usher","5432"
"Facebook","FarmVille","5432"
"Shakira","Black Eyed Peas","5431"
"Toy Story","Shrek","5428"
"Family Guy","iTunes","5428"
"South Park","Vin Diesel","5427"
"AKON","Enrique Iglesias","5426"
"Enrique Iglesias","YouTube","5425"
"Beyoncé","Black Eyed Peas","5420"
"Taylor Swift","Justin Bieber","5417"
"The Twilight Saga","Harry Potter","5417"
"Linkin Park","Harry Potter","5413"
"YouTube","Metallica","5403"
"Two and a Half Men","South Park","5399"
"Avril Lavigne","Michael Jackson","5392"
"SpongeBob SquarePants","South Park","5380"
"Facebook","Movies","5373"
"Beyoncé","MTV","5369"
"Shakira","Bob Marley","5361"
"YouTube","Texas Hold'em Poker","5360"
"Skittles","Bob Marley","5359"
"Green Day","Eminem","5357"
"Rihanna","House","5353"
"Coca-Cola","Harry Potter","5351"
"Converse","Disney","5351"
"AKON","Avril Lavigne","5348"
"Converse All Star","Eminem","5347"
"Jackass","South Park","5347"
"Linkin Park","MTV","5345"
"Megan Fox","The Hangover","5340"
"Linkin Park","Taylor Swift","5335"
"Nicki Minaj","Usher","5335"
"House","Disney","5332"
"Barack Obama","Michelle Obama","5331"
"Trey Songz","Usher","5323"
"YouTube","Paramore","5321"
"成龍 Jackie Chan","Michael Jackson","5319"
"Cristiano Ronaldo","Facebook","5310"
"AKON","Will Smith","5306"
"Facebook","Chris Brown","5302"
"Rihanna","Converse","5296"
"Lady Gaga","Alicia Keys","5286"
"Paramore","Katy Perry","5285"
"Disney","Selena Gomez ","5284"
"Megan Fox","Will Smith","5278"
"Lady Gaga","House","5276"
"AKON","Drake","5275"
"Family Guy","Nicki Minaj","5272"
"Rihanna","Trey Songz","5270"
"Paramore","Eminem","5263"
"成龍 Jackie Chan","Adam Sandler","5259"
"Family Guy","MTV","5257"
"Jackass","The Simpsons","5253"
"Beyoncé","Toy Story","5252"
"The Twilight Saga","Linkin Park","5251"
"YouTube","Kesha","5250"
"Facebook","Nicki Minaj","5244"
"House","Vin Diesel","5242"
"Oreo","Bob Marley","5241"
"Shakira","South Park","5238"
"Family Guy","Harry Potter","5236"
"House","Michael Jackson","5234"
"Coca-Cola","Avril Lavigne","5232"
"Harry Potter","The Simpsons","5230"
"The Bible","Jesus Daily","5230"
"Beyoncé","Linkin Park","5229"
"YouTube","Nicki Minaj","5227"
"Family Guy","PlayStation","5225"
"Lil Wayne","Toy Story","5220"
"South Park","House","5219"
"South Park","Usher","5218"
"YouTube","Green Day","5216"
"Nickelback","Adam Sandler","5216"
"Usher","Avril Lavigne","5213"
"Beyoncé","Bob Marley","5208"
"PlayStation","The Simpsons","5207"
"Drake","The Simpsons","5206"
"Music","Taylor Swift","5204"
"Shrek","Eminem","5192"
"House","Music","5187"
"Beyoncé","Music","5186"
"Facebook","Kesha","5179"
"YouTube","Chris Brown","5179"
"Dr Pepper","Eminem","5175"
"AKON","Justin Bieber","5170"
"Texas Hold'em Poker","Mafia Wars","5170"
"PlayStation","Adam Sandler","5169"
"Nickelback","Eminem","5167"
"Rihanna","Two and a Half Men","5166"
"Jackass","Facebook","5161"
"AKON","Bob Marley","5160"
"Two and a Half Men","Coca-Cola","5159"
"SpongeBob SquarePants","Usher","5154"
"The Twilight Saga","Team Twilight","5146"
"Dr. House","Eminem","5146"
"Coca-Cola","Black Eyed Peas","5143"
"SpongeBob SquarePants","Lil Wayne","5142"
"Family Guy","Barack Obama","5137"
"Justin Bieber","Michael Jackson","5136"
"Beyoncé","Chris Brown","5130"
"Rihanna","Miley Cyrus","5124"
"Black Eyed Peas","Michael Jackson","5119"
"Toy Story","Harry Potter","5117"
"Toy Story","Vin Diesel","5114"
"Snoop Dogg","Eminem","5105"
"AKON","Taylor Swift","5104"
"Metallica","Family Guy","5102"
"Drake","Chris Brown","5101"
"Oreo","MTV","5097"
"The Twilight Saga","Avril Lavigne","5088"
"AKON","Music","5088"
"Facebook","Paramore","5087"
"Coca-Cola","PlayStation","5086"
"Will Smith","Linkin Park","5085"
"Facebook","Miley Cyrus","5085"
"Selena Gomez ","Michael Jackson","5084"
"Beyoncé","Selena Gomez ","5083"
"Metallica","Adam Sandler","5080"
"House","Linkin Park","5080"
"Will Smith","Alicia Keys","5077"
"Family Guy","Taylor Swift","5072"
"Victoria's Secret","Starbucks","5070"
"Lil Wayne","Fresh Prince","5068"
"Lady Gaga","The Hangover","5061"
"Adam Sandler","Avril Lavigne","5058"
"T.I.","Will Smith","5056"
"Drake","South Park","5047"
"Music","Harry Potter","5046"
"成龍 Jackie Chan","Will Smith","5044"
"Bob Marley","Drake","5043"
"成龍 Jackie Chan","Vin Diesel","5038"
"Rihanna","成龍 Jackie Chan","5036"
"Drake","Alicia Keys","5035"
"Walmart","Facebook","5026"
"Coca-Cola","Dr Pepper","5019"
"Beyoncé","Nicki Minaj","5015"
"The Simpsons","Black Eyed Peas","5011"
"Katy Perry","Alicia Keys","5008"
"Adam Sandler","Harry Potter","5004"
"Bob Marley","The Hangover","5002"
"Enrique Iglesias","Lady Gaga","5000"
"Rihanna","Shrek","4994"
"Facebook","Metallica","4992"
"The Hangover","Michael Jackson","4988"
"AKON","Black Eyed Peas","4986"
"Megan Fox","Disney","4985"
"Katy Perry","The Hangover","4984"
"Toy Story","MTV","4972"
"NCIS","House","4967"
"Toy Story","Taylor Swift","4964"
"Avril Lavigne","Selena Gomez ","4964"
"Facebook","Green Day","4962"
"MTV","Avril Lavigne","4961"
"Lady Gaga","iTunes","4960"
"AKON","Skittles","4960"
"Jay-Z","Eminem","4955"
"Lil Wayne","Taylor Swift","4954"
"Harry Potter","Taylor Swift","4944"
"South Park","MTV","4942"
"AKON","South Park","4938"
"Alicia Keys","Adam Sandler","4931"
"Linkin Park","The Hangover","4927"
"The Twilight Saga","Lil Wayne","4925"
"YouTube","Nickelback","4923"
"Lil Wayne","Jay-Z","4920"
"Beyoncé","South Park","4915"
"Starbucks","The Simpsons","4914"
"Miley Cyrus","Taylor Swift","4914"
"Katy Perry","House","4914"
"AKON","T.I.","4908"
"AKON","Megan Fox","4898"
"Usher","Justin Bieber","4897"
"Shrek","Adam Sandler","4893"
"Shakira","Alicia Keys","4892"
"Family Guy","American Dad ","4891"
"Starbucks","Vin Diesel","4890"
"Adam Sandler","Black Eyed Peas","4885"
"Toy Story","Bob Marley","4881"
"Nickelback","Linkin Park","4880"
"T.I.","Alicia Keys","4880"
"Paramore","Linkin Park","4880"
"Beyoncé","SpongeBob SquarePants","4878"
"Paramore","Lady Gaga","4878"
"Usher","50 Cent","4878"
"Lil Wayne","Wiz Khalifa","4870"
"Bob Marley","The Beatles","4867"
"Miley Cyrus","Selena Gomez ","4866"
"The Simpsons","Avril Lavigne","4863"
"Beyoncé","Justin Bieber","4862"
"YouTube","Miley Cyrus","4860"
"Katy Perry","Miley Cyrus","4854"
"South Park","PlayStation","4853"
"Walmart","YouTube","4850"
"Justin Bieber","Selena Gomez ","4847"
"Shakira","SpongeBob SquarePants","4839"
"Chris Brown","Michael Jackson","4834"
"Harry Potter","Avril Lavigne","4834"
"成龍 Jackie Chan","Coca-Cola","4820"
"Two and a Half Men","Katy Perry","4817"
"Red Bull","Adam Sandler","4811"
"Adam Sandler","Barack Obama","4805"
"Cristiano Ronaldo","YouTube","4804"
"Coca-Cola","Shrek","4800"
"Lady Gaga","Nicki Minaj","4797"
"Katy Perry","Nicki Minaj","4789"
"Rihanna","Paramore","4785"
"Lady Gaga","Miley Cyrus","4784"
"AKON","Chris Brown","4783"
"Two and a Half Men","Linkin Park","4765"
"Cristiano Ronaldo","Eminem","4759"
"AKON","Harry Potter","4757"
"AKON","The Twilight Saga","4754"
"Converse","Lady Gaga","4747"
"Music","MTV","4745"
"The Twilight Saga","Toy Story","4740"
"Family Guy","Black Eyed Peas","4738"
"Enrique Iglesias","Katy Perry","4737"
"Starbucks","Linkin Park","4726"
"Usher","Selena Gomez ","4724"
"SpongeBob SquarePants","Linkin Park","4723"
"FarmVille","FrontierVille","4718"
"Two and a Half Men","Lady Gaga","4717"
"T.I.","Lady Gaga","4717"
"T.I.","Chris Brown","4716"
"YouTube","AC/DC","4715"
"Metallica","South Park","4713"
"T.I.","Bob Marley","4706"
"Starbucks","Usher","4700"
"Facebook","Nickelback","4700"
"Two and a Half Men","The Hangover","4696"
"Shrek","The Simpsons","4694"
"AKON","Toy Story","4692"
"Miley Cyrus","Eminem","4687"
"Shakira","Kesha","4687"
"Lady Gaga","Chris Brown","4677"
"Kesha","Usher","4672"
"Two and a Half Men","House","4668"
"Justin Timberlake","Rihanna","4667"
"Shakira","成龍 Jackie Chan","4667"
"Starbucks","House","4666"
"Facebook","Mafia Wars","4665"
"The Twilight Saga","Selena Gomez ","4662"
"Vin Diesel","MTV","4656"
"Facebook"," Windows Live Messenger","4656"
"Jersey Shore","Eminem","4655"
"Nicki Minaj","Michael Jackson","4654"
"Drake","The Hangover","4654"
"Megan Fox","Toy Story","4651"
"YouTube","Monster Energy","4642"
"Skittles","MTV","4642"
"Bob Marley","Barack Obama","4641"
"Alicia Keys","Barack Obama","4640"
"Beyoncé","Harry Potter","4634"
"Beyoncé","Megan Fox","4629"
"Megan Fox","Usher","4624"
"Family Guy","Avril Lavigne","4622"
"Will Smith","MTV","4618"
"50 Cent","Michael Jackson","4617"
"SpongeBob SquarePants","MTV","4617"
"AKON","Selena Gomez ","4616"
"Shakira","Drake","4614"
"Taylor Swift","The Simpsons","4613"
"Music","Avril Lavigne","4612"
"Vin Diesel","Avril Lavigne","4608"
"Lil Wayne","Avril Lavigne","4606"
"Katy Perry","Chris Brown","4604"
"Metallica","The Simpsons","4604"
"Cristiano Ronaldo","Rihanna","4603"
"Linkin Park","Black Eyed Peas","4592"
"The Beatles","Eminem","4590"
"成龍 Jackie Chan","Family Guy","4584"
"Rihanna","David Guetta","4583"
"Rihanna","PlayStation","4582"
"Enrique Iglesias","Michael Jackson","4574"
"MTV","Taylor Swift","4569"
"Two and a Half Men","Megan Fox","4569"
"Texas Hold'em Poker","Family Guy","4563"
"Two and a Half Men","Michael Jackson","4560"
"Starbucks","Bob Marley","4559"
"SpongeBob SquarePants","Taylor Swift","4557"
"Two and a Half Men","Vin Diesel","4556"
"Avril Lavigne","Black Eyed Peas","4552"
"Enrique Iglesias","Beyoncé","4547"
"Lil Wayne","Black Eyed Peas","4546"
"Megan Fox","MTV","4540"
"Beyoncé","Kesha","4539"
"Bob Marley","Alicia Keys","4529"
"Alicia Keys","Nicki Minaj","4523"
"Two and a Half Men","The Big Bang Theory","4523"
"Usher","Harry Potter","4523"
"Katy Perry","Shrek","4523"
"Kesha","Taylor Swift","4518"
"Toy Story","Avril Lavigne","4515"
"成龍 Jackie Chan","Megan Fox","4514"
"Family Guy","Trey Songz","4511"
"YouTube","Avatar","4508"
"Cristiano Ronaldo","Shakira","4506"
"AKON","SpongeBob SquarePants","4497"
"Bob Marley","MTV","4494"
"Lil Wayne","Justin Bieber","4486"
"Shakira","Miley Cyrus","4481"
"AC/DC","Eminem","4480"
"Lil Wayne","Jersey Shore","4472"
"Drake","Linkin Park","4471"
"成龍 Jackie Chan","Disney","4467"
"Trey Songz","Alicia Keys","4462"
"FarmVille","Café World","4456"
"South Park","Harry Potter","4453"
"SpongeBob SquarePants","Harry Potter","4452"
"Kesha","Avril Lavigne","4448"
"Avril Lavigne","Justin Bieber","4446"
"The Twilight Saga","MTV","4441"
"Drake","Barack Obama","4441"
"Harry Potter","MTV","4440"
"Lil Wayne","Snoop Dogg","4438"
"T.I.","South Park","4437"
"AC/DC","Family Guy","4435"
"Justin Timberlake","Eminem","4434"
"House","The Hangover","4433"
"Two and a Half Men","Bob Marley","4429"
"SpongeBob SquarePants","Bob Marley","4427"
"The Twilight Saga","House","4426"
"Two and a Half Men","Lil Wayne","4418"
"Toy Story","Black Eyed Peas","4418"
"Family Guy","Shrek","4416"
"Shakira","Barack Obama","4413"
"David Guetta","Eminem","4412"
"SpongeBob SquarePants","Avril Lavigne","4411"
"Family Guy","Chris Brown","4410"
"Skittles","Avril Lavigne","4407"
"Shakira","50 Cent","4397"
"Trey Songz","Chris Brown","4397"
"Walmart","Eminem","4397"
"AKON","成龍 Jackie Chan","4393"
"SpongeBob SquarePants","Starbucks","4391"
"Vin Diesel","Harry Potter","4382"
"Lady Gaga","Shrek","4381"
"Lil Wayne","Selena Gomez ","4379"
"Drake","Wiz Khalifa","4379"
"Vin Diesel","Barack Obama","4379"
"Family Guy","50 Cent","4378"
"Two and a Half Men","How I Met Your Mother","4375"
"Lady Gaga","50 Cent","4369"
"Megan Fox","PlayStation","4368"
"Rihanna","Britney Spears","4367"
"T.I.","Barack Obama","4361"
"The Twilight Saga","SpongeBob SquarePants","4361"
"Metallica","Bob Marley","4361"
"Texas Hold'em Poker","Adam Sandler","4360"
"Paramore","Avril Lavigne","4357"
"SpongeBob SquarePants","Vin Diesel","4353"
"The Twilight Saga","New Moon","4351"
"Usher","The Hangover","4346"
"Chris Brown","Nicki Minaj","4346"
"MTV","Black Eyed Peas","4346"
"The Twilight Saga","Justin Bieber","4342"
"Green Day","Family Guy","4336"
"Pink Floyd","The Beatles","4327"
"Beyoncé","50 Cent","4327"
"The Simpsons","Selena Gomez ","4325"
"New Moon","Twilight","4320"
"FarmVille","Eminem","4313"
"Mafia Wars","Eminem","4311"
"Drake","Jay-Z","4306"
"Enrique Iglesias","Usher","4304"
"YouTube","David Guetta","4295"
"Converse","Michael Jackson","4295"
"Enrique Iglesias","Avril Lavigne","4291"
"Texas Hold'em Poker","Megan Fox","4290"
"MTV","Selena Gomez ","4288"
"Linkin Park","PlayStation","4284"
"Shakira","Mr. Bean","4282"
"The Simpsons","50 Cent","4280"
"PlayStation","Michael Jackson","4278"
"AKON","Alicia Keys","4278"
"Drake","MTV","4277"
"Walmart","Disney","4270"
"Will Smith","PlayStation","4270"
"Green Day","Katy Perry","4267"
"AC/DC","Linkin Park","4265"
"成龍 Jackie Chan","Bob Marley","4258"
"Glee","Katy Perry","4256"
"South Park","Avril Lavigne","4251"
"Enrique Iglesias","Disney","4246"
"Family Guy","Nickelback","4245"
"Lady Gaga","Britney Spears","4244"
"YouTube","Snoop Dogg","4241"
"Green Day","Adam Sandler","4238"
"Shakira","Shrek","4233"
"NCIS","Criminal Minds","4230"
"Rihanna","Texas Hold'em Poker","4228"
"Green Day","The Simpsons","4222"
"Adam Sandler","50 Cent","4221"
"Toy Story","Drake","4219"
"Miley Cyrus","Avril Lavigne","4219"
"Coca-Cola","50 Cent","4218"
"Family Guy","Scrubs","4217"
"Rihanna","P!nk","4215"
"Texas Hold'em Poker","Vin Diesel","4215"
"Jackass","Lil Wayne","4211"
"Rihanna","Green Day","4211"
"Jackass","Megan Fox","4206"
"AKON","Cristiano Ronaldo","4201"
"Texas Hold'em Poker","FarmVille","4199"
"FarmVille","Mafia Wars","4198"
"Bon Jovi","Eminem","4198"
"Metallica","Pink Floyd","4196"
"Wiz Khalifa","Eminem","4194"
"Avatar","Eminem","4193"
"Toy Story","PlayStation","4184"
"House","Usher","4183"
"Facebook","David Guetta","4183"
"T.I.","Jay-Z","4182"
"P!nk","Katy Perry","4181"
"Katy Perry","50 Cent","4179"
"Jackass","Rihanna","4176"
"Beyoncé","Miley Cyrus","4172"
"AKON","Kesha","4170"
"The Twilight Saga","Taylor Lautner","4169"
"Megan Fox","iTunes","4169"
"Taylor Swift","Black Eyed Peas","4168"
"Linkin Park","Selena Gomez ","4168"
"Enrique Iglesias","Linkin Park","4161"
"South Park","Black Eyed Peas","4160"
"Drake","50 Cent","4155"
"SpongeBob SquarePants","Megan Fox","4151"
"Shakira","Chris Brown","4144"
"Rihanna","Twilight","4143"
"Green Day","Lady Gaga","4135"
"CityVille","FarmVille","4134"
"Rihanna","Jay-Z","4128"
"AC/DC","Pink Floyd","4126"
"Lady Gaga","David Guetta","4120"
"Shakira","House","4114"
"Shrek","Michael Jackson","4113"
"How I Met Your Mother","Eminem","4109"
"Rihanna","Snoop Dogg","4106"
"Texas Hold'em Poker","Michael Jackson","4104"
"SpongeBob SquarePants","Shrek","4100"
"Linkin Park","50 Cent","4095"
"成龍 Jackie Chan","Lil Wayne","4093"
"Walmart","Family Guy","4092"
"SpongeBob SquarePants","Drake","4092"
"Will Smith","Avril Lavigne","4092"
"SpongeBob SquarePants","Selena Gomez ","4086"
"Megan Fox","House","4082"
"Lil Wayne","Harry Potter","4082"
"Harry Potter","Selena Gomez ","4081"
"Lil Wayne","Kesha","4078"
"Shrek","Harry Potter","4077"
"Miley Cyrus","Justin Bieber","4070"
"Bob Marley","Pink Floyd","4069"
"The Game","Lil Wayne","4066"
"Megan Fox","Avril Lavigne","4063"
"SpongeBob SquarePants","iTunes","4060"
"Harry Potter","Justin Bieber","4059"
"Cristiano Ronaldo","Michael Jackson","4058"
"Kesha","Black Eyed Peas","4054"
"P!nk","Lady Gaga","4053"
"Jackass","Bob Marley","4045"
"Facebook","Snoop Dogg","4042"
"Alicia Keys","Tyler Perry","4036"
"Texas Hold'em Poker","The Simpsons","4035"
"Twilight","Eminem","4033"
"House","Harry Potter","4031"
"South Park","50 Cent","4026"
"Eminem","Michael Jordan","4026"
"Bob Marley","50 Cent","4026"
"Nicki Minaj","The Simpsons","4023"
"Bob Marley","Black Eyed Peas","4017"
"YouTube","Pink Floyd","4016"
"Jackass","Linkin Park","4010"
"AC/DC","South Park","4009"
"Green Day","South Park","3999"
"Evanescence","Linkin Park","3995"
"Shakira","Britney Spears","3987"
"MTV","Justin Bieber","3987"
"Megan Fox","Metallica","3975"
"Paramore","South Park","3974"
"DJ Pauly D","Jersey Shore","3963"
"Rihanna","Avatar","3956"
"Rihanna","Jersey Shore","3955"
"Megan Fox","Harry Potter","3952"
"Family Guy","Jersey Shore","3951"
"Drake","Jersey Shore","3947"
"Beyoncé","Shrek","3940"
"Facebook","Britney Spears","3940"
"The Simpsons","American Dad ","3937"
"Rihanna","FarmVille","3937"
"Cristiano Ronaldo","Manchester United","3937"
"Family Guy","Kesha","3934"
"The Bible","Michael Jackson","3933"
"Kesha","The Simpsons","3932"
"Jackass","Katy Perry","3931"
"Metallica","Nickelback","3924"
"Chris Brown","The Simpsons","3923"
"The Twilight Saga","Bob Marley","3918"
"Kesha","Michael Jackson","3914"
"Texas Hold'em Poker","Lady Gaga","3912"
"Enrique Iglesias","Taylor Swift","3910"
"Harry Potter","Black Eyed Peas","3907"
"Texas Hold'em Poker","Linkin Park","3904"
"Enrique Iglesias","The Twilight Saga","3901"
"Harry Potter","Avatar","3898"
"The Twilight Saga","Black Eyed Peas","3897"
"PetVille","FarmVille","3894"
"Enrique Iglesias","Coca-Cola","3893"
"Shakira","PlayStation","3892"
"SpongeBob SquarePants","Black Eyed Peas","3886"
"Lady Gaga","Nickelback","3873"
"Vin Diesel","50 Cent","3872"
"Enrique Iglesias","Vin Diesel","3870"
"AC/DC","Bob Marley","3868"
"Katy Perry","Britney Spears","3867"
"Bob Marley","PlayStation","3864"
"Metallica","Vin Diesel","3861"
"South Park","Nicki Minaj","3858"
"Twilight","Lady Gaga","3852"
"Metallica","Guns N' Roses","3844"
"Linkin Park","Justin Bieber","3842"
"Twilight","Katy Perry","3842"
"South Park","Selena Gomez ","3840"
"Walmart","Coca-Cola","3837"
"Facebook","CityVille","3837"
"PlayStation","MTV","3835"
"The Bible","Tyler Perry","3832"
"Lady Gaga","Metallica","3831"
"The Doors","Pink Floyd","3827"
"Shakira","Nicki Minaj","3827"
"Shrek","MTV","3825"
"Nicki Minaj","Wiz Khalifa","3822"
"Texas Hold'em Poker","South Park","3818"
"Jackass","MTV","3818"
"Green Day","Avril Lavigne","3815"
"Kesha","Linkin Park","3815"
"Jay-Z","Usher","3803"
"Lady Gaga","PlayStation","3797"
"Jackass","PlayStation","3795"
"Tyler Perry","Barack Obama","3794"
"Family Guy","Mafia Wars","3788"
"Enrique Iglesias","MTV","3786"
"Kesha","MTV","3784"
"Kesha","Selena Gomez ","3782"
"Metallica","Michael Jackson","3780"
"AKON","PlayStation","3778"
"SpongeBob SquarePants","Justin Bieber","3774"
"The Game","Drake","3773"
"FarmVille","Michael Jackson","3770"
"Miley Cyrus","Usher","3769"
"FarmVille","Lady Gaga","3768"
"Eminem","Britney Spears","3764"
"The Twilight Saga","Kesha","3754"
"NCIS","Family Guy","3751"
"Rihanna","Walmart","3750"
"Vin Diesel","PlayStation","3748"
"Bon Jovi","Nickelback","3748"
"NCIS","Dr. House","3745"
"Texas Hold'em Poker","Bob Marley","3741"
"Family Guy","Snoop Dogg","3739"
"Shakira","Paramore","3737"
"Real Madrid C.F.","Cristiano Ronaldo","3737"
"The Bible","Will Smith","3737"
"FarmVille","Adam Sandler","3736"
"Converse","Vin Diesel","3735"
"Rihanna","Bon Jovi","3733"
"Vin Diesel","Shrek","3726"
"Zynga RewardVille","FarmVille","3726"
"Bob Marley","Avril Lavigne","3724"
"AKON","Shrek","3717"
"Will Smith","Tyler Perry","3709"
"MTV","50 Cent","3707"
"Evanescence","Eminem","3706"
"Paramore","Usher","3705"
"成龍 Jackie Chan","Harry Potter","3698"
"The Game","Trey Songz","3695"
"Toy Story","Kesha","3689"
"Nicki Minaj","Barack Obama","3685"
"House","Grey's Anatomy","3685"
"Enrique Iglesias","Justin Bieber","3684"
"The Game","T.I.","3682"
"The Big Bang Theory","How I Met Your Mother","3670"
"Trey Songz","Barack Obama","3668"
"Jackass","Lady Gaga","3664"
"Justin Timberlake","Shakira","3664"
"Jackass","Futurama","3662"
"Shakira","The Hangover","3661"
"FarmVille","Vin Diesel","3659"
"AC/DC","Nickelback","3656"
"Nickelback","The Simpsons","3656"
"Shakira","David Guetta","3653"
"Bob Marley","Taylor Swift","3652"
"Katy Perry","Jersey Shore","3649"
"Lil Wayne","Kanye West","3645"
"Paramore","MTV","3644"
"Selena Gomez ","Black Eyed Peas","3639"
"Cristiano Ronaldo","Vin Diesel","3635"
"Beyoncé","Paramore","3621"
"Twilight","Harry Potter","3618"
"The Bible","Bible","3617"
"Kanye West","Eminem","3609"
"Alicia Keys","Mary J. Blige","3605"
"AKON","Snoop Dogg","3604"
"Walmart","Lil Wayne","3602"
"PlayStation","Usher","3599"
"SpongeBob SquarePants","The Hangover","3592"
"South Park","American Dad ","3591"
"Tyler Perry","Mary J. Blige","3590"
"Beyoncé","Britney Spears","3587"
"Toy Story","Justin Bieber","3586"
"NCIS","CSI","3583"
"Shrek","Black Eyed Peas","3576"
"Tyler Perry","Michael Jackson","3576"
"Texas Hold'em Poker","Music","3569"
"Jackass","The Hangover","3569"
"Enrique Iglesias","Black Eyed Peas","3568"
"Enrique Iglesias","Harry Potter","3557"
"Shakira","Texas Hold'em Poker","3554"
"Walmart","Michael Jackson","3553"
"The Bible","Barack Obama","3549"
"Shakira","Avatar","3549"
"Lil Wayne","Tyler Perry","3548"
"Family Guy","Justin Bieber","3546"
"Chris Brown","MTV","3545"
"FarmVille","Family Guy","3544"
"Trey Songz","Tyler Perry","3543"
"South Park","Chris Brown","3543"
"AC/DC","Guns N' Roses","3541"
"Drake","Black Eyed Peas","3538"
"Mafia Wars","Vin Diesel","3537"
"Family Guy","Wiz Khalifa","3536"
"Nicki Minaj","Jersey Shore","3524"
"Enrique Iglesias","Selena Gomez ","3524"
"Drake","Justin Bieber","3523"
"House","Criminal Minds","3520"
"Lady Gaga","Jersey Shore","3520"
"Bones","House","3518"
"Lady Gaga","Avatar","3506"
"MTV","The Hangover","3506"
"Shrek","Avril Lavigne","3502"
"Snoop Dogg","50 Cent","3502"
"Lil Wayne","Michael Jordan","3491"
"The Stig","Top Gear","3490"
"Family Guy","Step Brothers","3488"
"Green Day","Bob Marley","3482"
"Alicia Keys","Black Eyed Peas","3477"
"SpongeBob SquarePants","Kesha","3468"
"Family Guy","Michael Jordan","3468"
"Shrek","Taylor Swift","3455"
"Avatar","Michael Jackson","3451"
"The Big Bang Theory","Sheldon Cooper","3450"
"Walmart","Skittles","3449"
"Leo Messi","FC Barcelona","3439"
"Nicki Minaj","MTV","3439"
"SpongeBob SquarePants","Nicki Minaj","3433"
"Twilight","Taylor Swift","3420"
"The Game","Nicki Minaj","3418"
"The Simpsons","Justin Bieber","3412"
"Jackass","Usher","3411"
"SpongeBob SquarePants","Chris Brown","3411"
"Jackass","SpongeBob SquarePants","3408"
"Cristiano Ronaldo","Linkin Park","3407"
"Texas Hold'em Poker","Lil Wayne","3403"
"Black Eyed Peas","50 Cent","3400"
"Kesha","Harry Potter","3387"
"Avatar","The Simpsons","3385"
"Jersey Shore","The Hangover","3384"
"Kesha","Justin Bieber","3380"
"Britney Spears","Michael Jackson","3378"
"Chris Brown","50 Cent","3377"
"House","MTV","3376"
"Walmart","Usher","3376"
"Katy Perry","Avatar","3373"
"The Game","Tyler Perry","3369"
"NCIS","CSI: Miami","3368"
"Eclipse","New Moon","3368"
"FarmVille","Treasure Isle","3365"
"Cristiano Ronaldo","David Beckham","3359"
"Drake","Kesha","3356"
"Drake","Snoop Dogg","3352"
"David Guetta","Michael Jackson","3339"
"Eclipse","Twilight","3337"
"Megan Fox","Mafia Wars","3333"
"Shakira","Twilight","3325"
"NCIS","Bones","3323"
"Family Guy","Avatar","3316"
"Avril Lavigne","Britney Spears","3308"
"Miley Cyrus","MTV","3308"
"Enrique Iglesias","Cristiano Ronaldo","3307"
"Tim McGraw","Kenny Chesney","3306"
"Walmart","Toy Story","3304"
"Lil Wayne","Gucci Mane","3303"
"Walmart","Lady Gaga","3300"
"Cristiano Ronaldo","Leo Messi","3297"
"Nickelback","Michael Jackson","3297"
"Bob Marley","Nickelback","3292"
"FarmVille","House","3291"
"Dancing","Music","3287"
"Chris Brown","Justin Bieber","3286"
"Rihanna","Wiz Khalifa","3286"
"Disturbed","Metallica","3285"
"The Bible","I'm Proud To Be Christian by Aaron Chavez","3283"
"Green Day","Megan Fox","3282"
"Walmart","Katy Perry","3281"
"South Park","Kesha","3280"
"Manchester United","Eminem","3278"
"AKON","Texas Hold'em Poker","3275"
"The Game","Alicia Keys","3274"
"Avril Lavigne","50 Cent","3273"
"Harry Potter","The Hangover","3272"
"Miley Cyrus","Harry Potter","3271"
"Nicki Minaj","Tyler Perry","3258"
"李连杰 Jet Li","成龍 Jackie Chan","3255"
"American Dad ","Eminem","3253"
"Walmart","Kohl's","3251"
"The Twilight Saga","FarmVille","3247"
"Shakira","Metallica","3243"
"Justin Bieber","Black Eyed Peas","3232"
"Eminem","Fast & Furious","3232"
"Enrique Iglesias","Kesha","3229"
"Jackass","Drake","3225"
"Basketball","Eminem","3223"
"Paramore","Kesha","3202"
"Two and a Half Men","NCIS","3197"
"Shakira","FarmVille","3193"
"Nickelback","Avril Lavigne","3179"
"Texas Hold'em Poker","House","3178"
"Walmart","The Hangover","3176"
"Official Grease Movie","Dirty Dancing","3174"
"The Game","Barack Obama","3170"
"Taylor Swift","Britney Spears","3166"
"Chris Brown","Black Eyed Peas","3161"
"SpongeBob SquarePants","Miley Cyrus","3159"
"Two and a Half Men","Texas Hold'em Poker","3152"
"Jamie Foxx","Tyler Perry","3137"
"Vin Diesel","David Guetta","3137"
"Shakira","Bon Jovi","3133"
"Kanye West","Drake","3129"
"YoVille","FarmVille","3128"
"Linkin Park","David Guetta","3126"
"Tyler Perry","Monica","3124"
"Walmart","The Simpsons","3120"
"CSI","House","3118"
"Rihanna","Bruno Mars","3109"
"Texas Hold'em Poker","Metallica","3105"
"Rihanna","Kanye West","3096"
"Kesha","Miley Cyrus","3095"
"CSI: Miami","House","3090"
"Paramore","Black Eyed Peas","3085"
"Bruno Mars","Eminem","3080"
"Wiz Khalifa","Usher","3076"
"Transformers","Eminem","3073"
"The Twilight Saga","Grey's Anatomy","3071"
"Call of Duty: Black Ops","Family Guy","3066"
"Soulja Boy Tell Em","Lil Wayne","3065"
"AKON","Britney Spears","3057"
"Tyler Perry","Maya Angelou","3054"
"LA Lakers","Kobe Bryant","3052"
"FarmVille","Starbucks","3049"
"CSI: Miami","Criminal Minds","3047"
"Alicia Keys","Keyshia Cole","3037"
"CSI: Miami","CSI: NY","3033"
"Kobe Bryant","Michael Jordan","3032"
"Bruno Mars","Katy Perry","3029"
"Tyler Perry","Michelle Obama","3015"
"Shakira","David Beckham","3015"
"Taraji P. Henson","Tyler Perry","3014"
"Trey Songz","Mary J. Blige","3006"
"CSI","Criminal Minds","3005"
"成龍 Jackie Chan","Texas Hold'em Poker","3004"
"Walmart","Target","3003"
"Call of Duty: Black Ops","Eminem","2996"
"Cristiano Ronaldo","Harry Potter","2984"
"Kourtney Kardashian","Kim Kardashian","2980"
"Rihanna","Titanic","2973"
"Soulja Boy Tell Em","Eminem","2966"
"Walmart","Drake","2964"
"I Love Being Black","Barack Obama","2963"
"The Hangover","Black Eyed Peas","2959"
"Gucci Mane","Drake","2952"
"Facebook","Basketball","2948"
"Kesha","Nicki Minaj","2947"
"Cristiano Ronaldo","Justin Bieber","2944"
"Walmart","Beyoncé","2941"
"Shakira","Titanic","2936"
"PetVille","Café World","2933"
"South Park","Justin Bieber","2932"
"Miley Cyrus","Black Eyed Peas","2930"
"Tyler Perry","Keyshia Cole","2926"
"Walmart","South Park","2921"
"Khloe Kardashian","Kourtney Kardashian","2919"
"Will Smith","Martin Lawrence","2909"
"South Park","Avatar","2907"
"Usher","Britney Spears","2907"
"Mary J. Blige","Monica","2906"
"Selena Gomez ","Britney Spears","2905"
"Top Gear","Family Guy","2903"
"FarmVille","Family Feud","2902"
"Manchester United","Wayne Rooney","2893"
"FarmVille","FishVille","2892"
"YouTube","Basketball","2892"
"Walmart","Taylor Swift","2886"
"Trey Songz","Monica","2885"
"Barack Obama","Mary J. Blige","2881"
"Nicki Minaj","Avril Lavigne","2866"
"Mafia Wars","House","2863"
"Dr. House","Grey's Anatomy","2853"
"Keyshia Cole","Mary J. Blige","2852"
"Katy Perry","Demi Lovato","2851"
"FarmVille","Taylor Swift","2841"
"Rihanna","Demi Lovato","2840"
"LeBron James","Michael Jordan","2837"
"Family Guy","Tosh.0","2833"
"Kesha","Chris Brown","2826"
"Texas Hold'em Poker","The Hangover","2823"
"Khloe Kardashian","Kim Kardashian","2821"
"Nicki Minaj","Black Eyed Peas","2818"
"Texas Hold'em Poker","Harry Potter","2814"
"Shakira","Evanescence","2807"
"FrontierVille","Treasure Isle","2805"
"FarmVille","Harry Potter","2804"
"Kesha","Shrek","2804"
"Jamie Foxx","Mary J. Blige","2797"
"I Love Being Black","Tyler Perry","2795"
"AKON","Manchester United","2795"
"Lil Wayne","Basketball","2792"
"Family Guy","The Office","2785"
"Chris Brown","The Hangover","2773"
"Waka Flocka Flame","Lil Wayne","2772"
"Football","Eminem","2771"
"Walmart","FarmVille","2769"
"MTV","Britney Spears","2769"
"YouTube","Call of Duty: Black Ops","2765"
"Desperate Housewives","Grey's Anatomy","2763"
"Turn Facebook Pink For 1 Week For Breast Cancer Awareness","causes.com","2760"
"Gucci Mane","Nicki Minaj","2758"
"Pirates of the Caribbean","Eminem","2756"
"Walmart","Nicki Minaj","2747"
"PetVille","FrontierVille","2743"
"David Guetta","Avril Lavigne","2738"
"Lil Wayne","Avatar","2737"
"Lady Gaga","Bruno Mars","2734"
"Barack Obama","Martin Lawrence","2730"
"Café World","FrontierVille","2726"
"Bruno Mars","Usher","2714"
"FarmVille","Zoo World","2697"
"Tyler Perry","Martin Lawrence","2697"
"The Game","Mary J. Blige","2688"
"Kesha","The Hangover","2686"
"Wiz Khalifa","Michael Jackson","2682"
"The Bible","Jesus Christ","2678"
"Wiz Khalifa","The Simpsons","2674"
"Keyshia Cole","Monica","2674"
"NCIS","FarmVille","2667"
"Texas Hold'em Poker","Barack Obama","2663"
"The Game","Monica","2662"
"Basketball","Family Guy","2660"
"Titanic","Michael Jackson","2659"
"Chris Brown","Wiz Khalifa","2651"
"Cristiano Ronaldo","FC Barcelona","2643"
"Walmart","SpongeBob SquarePants","2640"
"House","Family Feud","2611"
"Pirates of the Caribbean","Harry Potter","2611"
"Facebook","Football","2596"
"Cristiano Ronaldo","Ricardo Kakà","2587"
"Harry Potter","Britney Spears","2587"
"Jason Aldean","Country music","2582"
"Katy Perry","Wiz Khalifa","2580"
"Tyler Perry","Jennifer Hudson","2579"
"Twilight","Justin Bieber","2575"
"Britney Spears","Black Eyed Peas","2573"
"Shakira","Walmart","2570"
"Katy Perry","iCarly","2569"
"The Bible","Family Feud","2567"
"Enrique Iglesias","Britney Spears","2564"
"Teen Mom","Jersey Shore","2559"
"Justin Bieber","Britney Spears","2559"
"Mafia Wars","FrontierVille","2558"
"Maxwell","Tyler Perry","2556"
"Call of Duty: Black Ops","South Park","2556"
"Wiz Khalifa","The Hangover","2553"
"FarmVille","The Bible","2551"
"Texas Hold'em Poker","CityVille","2550"
"Avatar","Black Eyed Peas","2550"
"The Game","The Bible","2548"
"Call of Duty: Black Ops","The Simpsons","2545"
"Rihanna","iCarly","2543"
"FarmVille","Megan Fox","2540"
"FarmVille","Turn Facebook Pink For 1 Week For Breast Cancer Awareness","2537"
"Kesha","Britney Spears","2535"
"Facebook","Swimming","2533"
"The Bible","Mary J. Blige","2532"
"CSI","CSI: Miami","2531"
"AKON","Wiz Khalifa","2530"
"FarmVille","Happy Aquarium","2528"
"Basketball","Michael Jackson","2525"
"FarmVille","FarmVille Cows","2521"
"I'm Proud To Be Christian by Aaron Chavez","Jesus Daily","2509"
"Bones","Criminal Minds","2504"
"Demi Lovato","Avril Lavigne","2498"
"Kevin Hart","Tyler Perry","2492"
"Real Madrid C.F.","Manchester United","2491"
"Country music","George Strait","2487"
"Fantasia","Tyler Perry","2487"
"Taraji P. Henson","The Game","2479"
"Barack Obama","Maya Angelou","2478"
"Bible","Jesus Daily","2478"
"FarmVille","Barack Obama","2476"
"CityVille","FrontierVille","2472"
"Basketball","Music","2467"
"The Bible","God","2464"
"Love and basketball","The Game","2462"
"Rihanna","Basketball","2455"
"Lady Gaga","iCarly","2454"
"Pitbull","Eminem","2452"
"Taraji P. Henson","Mary J. Blige","2441"
"Cristiano Ronaldo","Wayne Rooney","2434"
"AKON","Titanic","2434"
"Basketball","Michael Jordan","2425"
"Taraji P. Henson","Monica","2424"
"Two and a Half Men","FarmVille","2422"
"Kanye West","Katy Perry","2416"
"Mafia Wars","Café World","2416"
"Texas Hold'em Poker","FrontierVille","2401"
"Love and basketball","Trey Songz","2401"
"Kobe Bryant","LeBron James","2400"
"Mary J. Blige","Jennifer Hudson","2400"
"Walmart","MTV","2398"
"I Love Being Black","The Bible","2397"
"The Game","Kevin Hart","2392"
"FarmVille","causes.com","2386"
"Titanic","Harry Potter","2370"
"Im a Muslim & Im Proud","ILoveAllaah.com","2365"
"SpongeBob SquarePants","iCarly","2354"
"Lil Wayne","American Dad ","2349"
"YoVille","PetVille","2336"
"Manchester United","Leo Messi","2333"
"Café World","Treasure Isle","2330"
"Facebook","Yahoo!","2327"
"Kevin Hart","Trey Songz","2326"
"The Bible","Gospel music","2326"
"Fantasia","Mary J. Blige","2326"
"Enrique Iglesias","Titanic","2317"
"Dirty Dancing","Grey's Anatomy","2316"
"Call of Duty: Black Ops","Lil Wayne","2306"
"FarmVille","Games","2302"
"PetVille","Treasure Isle","2298"
"Jesus Daily","Barack Obama","2286"
"FarmVille English Countryside","FarmVille","2279"
"Basketball","Drake","2278"
"Cristiano Ronaldo","Texas Hold'em Poker","2277"
"Bruno Mars","Family Guy","2277"
"Lil Wayne","Bruno Mars","2274"
"Harry Potter","Transformers","2264"
"Family Guy","Hip hop music","2259"
"Texas Hold'em Poker","Family Feud","2247"
"Bruno Mars","Black Eyed Peas","2244"
"CityVille","Mafia Wars","2242"
"Texas Hold'em Poker","Café World","2237"
"Zynga RewardVille","FrontierVille","2234"
"Soulja Boy Tell Em","Chris Brown","2234"
"LA Lakers","Lil Wayne","2230"
"Bruno Mars","The Simpsons","2220"
"Shakira","Bruno Mars","2217"
"Reading","Music","2217"
"Lady Gaga","Kohl's","2216"
"Music","Comedy","2215"
"Texas Hold'em Poker","Games","2212"
"FarmVille","Dirty Dancing","2212"
"Pretty Woman","Dirty Dancing","2211"
"Taraji P. Henson","Kevin Hart","2208"
"Turn Facebook Pink For 1 Week For Breast Cancer Awareness","Dirty Dancing","2206"
"Basketball","The Simpsons","2202"
"Manchester United","David Beckham","2198"
"Dancing","Singing","2194"
"Pirates of the Caribbean","Katy Perry","2193"
"YouTube","Yahoo!","2192"
"AKON","FC Barcelona","2190"
"Taraji P. Henson","Nicki Minaj","2186"
"Manchester United","Lil Wayne","2186"
"Jesus Daily","Tyler Perry","2184"
"YoVille","Café World","2182"
"House","Country music","2182"
"Bruno Mars","Taylor Swift","2174"
"Family Feud","Tyler Perry","2155"
"Private Practice","Grey's Anatomy","2155"
"Basketball","Usher","2152"
"Walmart","Jersey Shore","2151"
"Titanic","Avril Lavigne","2148"
"Games","Family Feud","2148"
"The Bible","I Love Jesus","2141"
"Texas Hold'em Poker","NCIS","2139"
"AKON","Football","2139"
"Manchester United","Harry Potter","2137"
"Walmart","moviepilot.com","2135"
"YoVille","FrontierVille","2132"
"PetVille","FishVille","2132"
"Bruno Mars","Avril Lavigne","2130"
"Kevin Hart","Nicki Minaj","2128"
"Call of Duty: Black Ops","The Hangover","2126"
"Real Madrid C.F.","Leo Messi","2121"
"Walmart","Harry Potter","2120"
"Zynga RewardVille","CityVille","2117"
"Rihanna","Football","2116"
"Manchester United","FC Barcelona","2115"
"Katy Perry","Kohl's","2115"
"Walmart","Turn Facebook Pink For 1 Week For Breast Cancer Awareness","2114"
"Call of Duty: Black Ops","Linkin Park","2111"
"AKON","Walmart","2106"
"The Price Is Right Game","Family Feud","2105"
"Barack Obama","Oprah Winfrey","2103"
"Sachin Tendulkar","India","2099"
"Hiking","Camping","2099"
"Zoo World","Mafia Wars","2091"
"Sachin Tendulkar","A.R. Rahman","2090"
"SpongeBob SquarePants","Wiz Khalifa","2083"
"The Bible","Don't give up on God because he never gave up on you..:)","2080"
"LA Lakers","Family Guy","2078"
"Taraji P. Henson","Sanaa Lathan","2077"
"Modern Warfare 2","Call of Duty: Black Ops","2075"
"Real Madrid C.F.","FC Barcelona","2074"
"Football","Michael Jackson","2073"
"Bruno Mars","Kesha","2071"
"Rock music","Country music","2069"
"Basketball","South Park","2062"
"NCIS","Family Feud","2057"
"The Bible","Turn Facebook Pink For 1 Week For Breast Cancer Awareness","2054"
"Football","Family Guy","2053"
"PetVille","Mafia Wars","2046"
"CityVille","Harry Potter","2041"
"Walmart","Black Eyed Peas","2040"
"Football","Lil Wayne","2036"
"NCIS","Country music","2035"
"Im a Muslim & Im Proud","I ♥ Muhammad","2034"
"The Bible","Country music","2033"
"Walmart","Chris Brown","2028"
"Walmart","Avril Lavigne","2027"
"FishVille","Café World","2014"
"SpongeBob SquarePants","Bruno Mars","2007"
"Football","Basketball","1996"
"Madea","Tyler Perry","1990"
"Family Feud","Barack Obama","1985"
"PetVille","Zoo World","1972"
"CSI","Bones","1969"
"Aamir Khan","A.R. Rahman","1969"
"Rafael Nadal","Roger Federer","1967"
"A Walk To Remember","The Notebook","1967"
"Sachin Tendulkar","Aamir Khan","1966"
"FarmVille","MindJolt Games","1964"
"Football","Music","1964"
"Basketball","The Hangover","1962"
"NCIS","Turn Facebook Pink For 1 Week For Breast Cancer Awareness","1959"
"Shakira","Football","1956"
"Mafia Wars","Family Feud","1949"
"CityVille","Café World","1941"
"Texas Hold'em Poker","PetVille","1940"
"Rihanna","Call of Duty: Black Ops","1938"
"Mafia Wars","Treasure Isle","1937"
"Café World","Family Feud","1930"
"FarmVille","Criminal Minds","1927"
"Walmart","Selena Gomez ","1916"
"FarmVille","Frito-Lay","1913"
"Criminal Minds","Grey's Anatomy","1908"
"Basketball","Katy Perry","1900"
"Family Feud","FrontierVille","1899"
"Texas Hold'em Poker","Zoo World","1895"
"Turn Facebook Pink For 1 Week For Breast Cancer Awareness","Family Feud","1892"
"Texas Hold'em Poker","MindJolt Games","1890"
"FarmVille","Grey's Anatomy","1886"
"Bruno Mars","Chris Brown","1879"
"Titanic","Justin Bieber","1878"
"Texas Hold'em Poker","Top Gear","1876"
"YoVille","Mafia Wars","1876"
"Zoo World","FrontierVille","1871"
"Music","Sports","1864"
"Football","Linkin Park","1863"
"Texas Hold'em Poker","Treasure Isle","1856"
"Shakira","Basketball","1849"
"FarmVille","Zynga.org","1843"
"Games","MindJolt Games","1842"
"Football","The Simpsons","1835"
"Call of Duty: Black Ops","Michael Jackson","1834"
"Zynga RewardVille","Mafia Wars","1829"
"PetVille","CityVille","1816"
"Manchester United","Barack Obama","1816"
"PetVille","Happy Aquarium","1814"
"Pitbull","Black Eyed Peas","1803"
"India","A.R. Rahman","1802"
"Basketball","MTV","1795"
"Texas Hold'em Poker","The Bible","1795"
"Zynga RewardVille","Texas Hold'em Poker","1789"
"Basketball","Kobe Bryant","1786"
"Happy Pets","Happy Aquarium","1785"
"FarmVille","Happy Island","1780"
"Country music","Camping","1777"
"True Blood","Dexter","1776"
"Zoo World","Café World","1776"
"Tyler Perry","Steve Harvey","1762"
"Cristiano Ronaldo","Football","1761"
"Call of Duty: Black Ops","Drake","1758"
"Liverpool FC","Steven Gerrard","1755"
"Texas Hold'em Poker","causes.com","1751"
"Contemporary R&B","Hip hop music","1749"
"Bible","Gospel music","1747"
"Farmers Insurance","FarmVille","1745"
"CityVille","Treasure Isle","1742"
"SpongeBob SquarePants","Basketball","1738"
"PetVille","Family Feud","1738"
"Eminem","Yahoo!","1731"
"The Bible","Jesus","1725"
"Manchester United","Texas Hold'em Poker","1725"
"Call of Duty: Black Ops","Katy Perry","1721"
"YoVille","Treasure Isle","1715"
"Walmart","Kesha","1711"
"Football","South Park","1698"
"FarmVille","Jesus Daily","1692"
"FishVille","FrontierVille","1691"
"FarmVille","CSI","1690"
"Aamir Khan","India","1673"
"Sachin Tendulkar","3 Idiots","1673"
"Walmart","50 Cent","1673"
"Wheel Of Fortune","Family Feud","1672"
"Basketball","Harry Potter","1672"
"The Bible","I Can Do All Things Through Christ Who Strengthens Me","1671"
"YoVille","Texas Hold'em Poker","1668"
"FarmVille","Bejeweled Blitz","1667"
"Shakira","A.R. Rahman","1665"
"The Notebook","Grey's Anatomy","1659"
"Tyler Perry","Gospel music","1653"
"Games","FrontierVille","1650"
"3 Idiots","A.R. Rahman","1650"
"Café World","Happy Aquarium","1640"
"Texas Hold'em Poker","Turn Facebook Pink For 1 Week For Breast Cancer Awareness","1634"
"Rihanna","Yahoo!","1631"
"Aamir Khan","Salman Khan","1626"
"Mafia Wars","Games","1626"
"PetVille","Happy Pets","1619"
"LA Lakers","Basketball","1616"
"Walmart","Justin Bieber","1615"
"Basketball","LeBron James","1613"
"AKON","A.R. Rahman","1610"
"India","Facebook India","1610"
"FarmVille","Country music","1606"
"3 Idiots","Aamir Khan","1600"
"Bible","God","1594"
"Football","Harry Potter","1586"
"Eminem","Soccer","1579"
"Grown Ups","Eminem","1577"
"Football","Usher","1577"
"Walmart","Wiz Khalifa","1575"
"Sachin Tendulkar","Facebook India","1569"
"Sachin Tendulkar","Cricket","1561"
"Call of Duty: Black Ops","Call of Duty: Modern Warfare","1558"
"FishVille","Treasure Isle","1557"
"FishVille","Mafia Wars","1549"
"التصويت للرسول (ص) استفتاء حول أفضل رجل عرفته البشرية‏","اجعل صفحة النبي رقم 1 على الفيس بوك.. انشرها بقدر حبك للنبي","1546"
"CityVille","causes.com","1544"
"AKON","Sachin Tendulkar","1544"
"Horror film","Comedy","1537"
"FarmVille","Social City","1537"
"Call of Duty: MW2","Call of Duty: Black Ops","1533"
"Football","MTV","1532"
"Zynga RewardVille","Treasure Isle","1527"
"Zynga RewardVille","Café World","1525"
"Texas Hold'em Poker","Happy Aquarium","1525"
"FarmVille","Island Paradise","1524"
"Sachin Tendulkar","Shakira","1520"
"Football","The Hangover","1519"
"Zynga RewardVille","PetVille","1518"
"Farm Town","FarmVille","1518"
"CSI","Country music","1516"
"Texas Hold'em Poker","Rock music","1516"
"SpongeBob SquarePants","Call of Duty: Black Ops","1513"
"Manchester United","Football","1511"
"Family Feud","Bejeweled Blitz","1505"
"Being Conservative","Sarah Palin","1498"
"Football","Drake","1493"
"Texas Hold'em Poker","FishVille","1485"
"FarmVille","Happy Pets","1477"
"Zoo World","Treasure Isle","1475"
"YoVille","Family Feud","1472"
"Call of Duty: Black Ops","Harry Potter","1472"
"Happy Island","Happy Aquarium","1469"
"Call of Duty: Black Ops","Call of Duty: World at War","1468"
"Call of Duty: Black Ops","MTV","1463"
"Mafia Wars","causes.com","1452"
"Basketball","Justin Bieber","1452"
"Turn Facebook Pink For 1 Week For Breast Cancer Awareness","FrontierVille","1451"
"Grown Ups","Family Guy","1446"
"PetVille","Happy Island","1445"
"Football","Leo Messi","1440"
"FishVille","Happy Aquarium","1430"
"Sachin Tendulkar","Salman Khan","1428"
"FrontierVille","Happy Aquarium","1427"
"Zynga RewardVille","Family Feud","1422"
"Texas Hold'em Poker","Basketball","1421"
"3 Idiots","India","1418"
"YoVille","FishVille","1417"
"Games","Bejeweled Blitz","1415"
"Pop rock","Rock music","1412"
"Games","Treasure Isle","1409"
"Enrique Iglesias","A.R. Rahman","1408"
"Games","Café World","1406"
"Texas Hold'em Poker","Bejeweled Blitz","1401"
"Big Prize Giveaways","FarmVille","1396"
"A.R. Rahman","Shreya Ghoshal","1394"
"Walmart","Yahoo!","1383"
"SONS OF ANARCHY","Sons of Anarchy","1382"
"Family Feud","Treasure Isle","1379"
"Zynga RewardVille","YoVille","1379"
"FishVille","Zoo World","1377"
"Action film","Comedy","1377"
"Roller Coaster Kingdom","FarmVille","1375"
"Usher","Yahoo!","1371"
"Enrique Iglesias","Sachin Tendulkar","1371"
"Basketball","Black Eyed Peas","1371"
"A.R. Rahman","Facebook India","1361"
"The Lord of the Rings Trilogy (Official Page)","Harry Potter","1359"
"Rock music","Hip hop music","1357"
"FarmVille","Friend Buzz","1350"
"Sachin Tendulkar","Shreya Ghoshal","1349"
"A.R. Rahman","Michael Jackson","1347"
"Katy Perry","Yahoo!","1346"
"AKON","3 Idiots","1345"
"Turn Facebook Pink For 1 Week For Breast Cancer Awareness","Games","1341"
"Texas Hold'em Poker","Football","1337"
"Maximum Respect for the British Armed Forces supporting the RBL","Armed Forces Day","1325"
"Sachin Tendulkar","Priyanka Chopra","1322"
"Walmart","Basketball","1320"
"Café World","Happy Island","1313"
"Sachin Tendulkar","Indian Cricket Team","1311"
"Lil Wayne","Yahoo!","1310"
"Turn Facebook Pink For 1 Week For Breast Cancer Awareness","Café World","1309"
"Call of Duty: Black Ops","Black Eyed Peas","1307"
"Family Guy","Soccer","1305"
"Shakira","3 Idiots","1301"
"Arsenal ","Cesc Fàbregas","1300"
"Stop putting your parents in *OLDAGE HOME*,how can u forget wat they did fr u!!","India","1300"
"Call of Duty: Black Ops","Michael Jordan","1292"
"Joyce Meyer Ministries","The Bible","1289"
"MTV","Yahoo!","1285"
"Sachin Tendulkar","Save the Tiger","1280"
"Zynga RewardVille","Games","1279"
"Café World","Social City","1277"
"Rihanna","Grown Ups","1276"
"Sachin Tendulkar","Stop putting your parents in *OLDAGE HOME*,how can u forget wat they did fr u!!","1275"
"Grown Ups","The Simpsons","1273"
"FarmVille","I Love Music","1270"
"Social City","FrontierVille","1258"
"Café World","Tyler Perry","1255"
"The Bible","God understands our prayers even when we can't find the words to say them. Press Like if you agree! =)","1249"
"Football","Justin Bieber","1249"
"MindJolt Games","Bejeweled Blitz","1243"
"FarmVille","Restaurant City","1234"
"Texas Hold'em Poker","Friend Buzz","1230"
"Being Conservative","RightChange","1228"
"Lil Wayne","Soccer","1220"
"Baseball","Basketball","1218"
"Grown Ups","Katy Perry","1218"
"Texas Hold'em Poker","Zoosk","1217"
"Roller Coaster Kingdom","Café World","1216"
"The Price Is Right Game","Games","1215"
"Avril Lavigne","Yahoo!","1213"
"Manchester United","Arsenal ","1212"
"STOP ABUSE ON CHILDREN","causes.com","1204"
"Sachin Tendulkar","Mumbai Indians","1189"
"Real Madrid C.F.","Football","1187"
"Football","FC Barcelona","1176"
"causes.com","FrontierVille","1176"
"Glenn Beck","Sarah Palin","1173"
"FarmVille","Country Life","1172"
"Call of Duty: Black Ops","American Dad ","1171"
"FrontierVille","Island Paradise","1161"
"Fly the American Flag","FarmVille","1159"
"Football","Black Eyed Peas","1159"
"The Price Is Right Game","FarmVille","1159"
"Zynga RewardVille","Frito-Lay","1156"
"Mafia Wars","Vampire Wars","1156"
"STOP ABUSE ON CHILDREN","Turn Facebook Pink For 1 Week For Breast Cancer Awareness","1156"
"Texas Hold'em Poker","Texas HoldEm Poker by Zynga","1154"
"The Pittsburgh Steelers","Troy Polamalu","1151"
"Keep Fuel Below £1.00 per litre","Maximum Respect for the British Armed Forces supporting the RBL","1145"
"Sachin Tendulkar","Tata Docomo","1145"
"3 Idiots","Cricket","1142"
"AKON","Cricket","1138"
"PopChat","Facebook","1138"
"A.R. Rahman","Cricket","1138"
"Mafia Wars","Bejeweled Blitz","1136"
"3 Idiots","Shreya Ghoshal","1134"
"FarmVille","Fish World","1131"
"Walmart","Call of Duty: Black Ops","1130"
"Call of Duty: Black Ops","Basketball","1124"
"Café World","Restaurant City","1124"
"Contemporary R&B","Gospel music","1119"
"Call of Duty: Black Ops","Wiz Khalifa","1113"
"Indian Cricket Team","Cricket","1109"
"Proud to be a Mom","FarmVille","1107"
"Stop putting your parents in *OLDAGE HOME*,how can u forget wat they did fr u!!","Facebook India","1106"
"Zuma Blitz","Bejeweled Blitz","1102"
"Empires & Allies","CityVille","1101"
"FarmVille","Zoosk","1100"
"Basketball","Soccer","1099"
"Call of Duty: Black Ops","Chris Brown","1095"
"A.R. Rahman","Harry Potter","1092"
"Treasure Isle","Island Paradise","1078"
"Football","Call of Duty: Black Ops","1076"
"Mama Mary","I Love Jesus, by iLoveJesusonline.com","1072"
"Walmart","American Express","1071"
"Wheel Of Fortune","The Price Is Right Game","1071"
"The Pittsburgh Steelers","Hines Ward","1068"
"FarmVille","Capital One","1068"
"Zynga RewardVille","Turn Facebook Pink For 1 Week For Breast Cancer Awareness","1067"
"Eminem","Snaptu","1062"
"Texas Hold'em Poker","The Price Is Right Game","1061"
"India","Tata Docomo","1060"
"Football","Cricket","1059"
"Hip hop music","Reggae","1055"
"Don't Allow Registered Sex Offenders on Facebook!!!","causes.com","1055"
"Help Cure Cancer (no money donations needed, only clicks)","Turn Facebook Pink For 1 Week For Breast Cancer Awareness","1046"
"Millionaire City","Texas Hold'em Poker","1046"
"AKON","Snaptu","1043"
"Shakira","Cricket","1043"
"MTV India","MTV Roadies","1038"
"Titanic","3 Idiots","1030"
"Hip hop music","R&B","1027"
"Keep Fuel Below £1.00 per litre","lets get the uk tv licence abolished","1017"
"3 Idiots","Harry Potter","1016"
"Joyce Meyer Ministries","Jesus Daily","1015"
"Zynga RewardVille","causes.com","1009"
"Sachin Tendulkar","Roger Federer","1009"
"Café World","Bejeweled Blitz","1007"
"INDIA - Jai Ho !","Sachin Tendulkar","1002"
"Turn Facebook Pink For 1 Week For Breast Cancer Awareness","Bejeweled Blitz","1001"
"FarmVille","ShopAtHome.com","990"
"Call of Duty: Black Ops","Kesha","988"
"Justin Bieber","Yahoo!","983"
"Help Kids with Cancer","causes.com","977"
"India","Cricket","973"
"India","Lord Ganesha","970"
"Texas Hold'em Poker","Crime City","956"
"respect your parents in their old age. Stop assaulting them!","Stop putting your parents in *OLDAGE HOME*,how can u forget wat they did fr u!!","955"
"Call of Duty: MW2","Call of Duty: World at War","939"
"Baseball","Football","937"
"Mafia Wars","Zoosk","937"
"SpongeBob SquarePants","Soccer","935"
"Basketball","Volleyball","932"
"DoubleDown Casino","Texas Hold'em Poker","929"
"3 Idiots","MTV Roadies","928"
"Walmart","Grown Ups","926"
"Farmers Insurance","Zynga RewardVille","919"
"التصويت للرسول (ص) استفتاء حول أفضل رجل عرفته البشرية‏","causes.com","912"
"AKON","MTV Roadies","905"
"Michael Jackson","Cricket","904"
"Wheel Of Fortune","FarmVille","901"
"Texas Hold'em Poker","Monopoly Millionaires","896"
"DoubleDown Casino","Games","892"
"causes.com","Friend Buzz","892"
"3 Idiots","Tata Docomo","887"
"Our Mother of Perpetual Help","Mama Mary","887"
"Keep Fuel Below £1.00 per litre","Stop the UK Petrol Rip-off, May 2010 Protest","884"
"Enrique Iglesias","Cricket","874"
"Contemporary R&B","Jazz","873"
"Titanic","Football","869"
"PopChat","Shakira","867"
"PopChat","Texas Hold'em Poker","866"
"Texas Hold'em Poker","Ninja Saga","864"
"Harry Potter","Snaptu","863"
"PopChat","CityVille","861"
"Lil Wayne","Snaptu","854"
"Indian Cricket Team","3 Idiots","842"
"Manchester United","Snaptu","835"
"INDIA - Jai Ho !","Lord Ganesha","820"
"Harry Potter","Cricket","815"
"Music","Cricket","803"
"Sonu Niigaam","Shreya Ghoshal","800"
"Arsenal ","Football","786"
"causes.com","Zoosk","784"
"Football","Comedy","778"
"Farmers Insurance","Frito-Lay","773"
"Titanic","Cricket","765"
"Shreya Ghoshal","Cricket","759"
"Football","Soccer","753"
"Manchester United","Soccer","752"
"CHILDREN WITHOUT PARENTS","Stop putting your parents in *OLDAGE HOME*,how can u forget wat they did fr u!!","746"
"Stop putting your parents in *OLDAGE HOME*,how can u forget wat they did fr u!!","causes.com","743"
"FarmVille","God understands our prayers even when we can't find the words to say them. Press Like if you agree! =)","743"
"Family Guy","American Express","743"
"Texas Hold'em Poker","Zuma Blitz","737"
"Lil Wayne","American Express","730"
"Wheel Of Fortune","Texas Hold'em Poker","730"
"Help Cure Cancer (no money donations needed, only clicks)","causes.com","725"
"The Price Is Right Game","Café World","725"
"Sachin Tendulkar","Football","724"
"Hip hop","R and B","721"
"Keep Fuel Below £1.00 per litre","Turn Facebook Pink For 1 Week For Breast Cancer Awareness","717"
"Justin Bieber","Cricket","713"
"Texas Hold'em Poker","FARKLE","711"
"God understands our prayers even when we can't find the words to say them. Press Like if you agree! =)","Let's join forces as Christians and start a Jesus Christ revival! Press like if Jesus is your Savior!!!","707"
"Indian Cricket Team","Mumbai Indians","684"
"Mumbai Indians","Cricket","679"
"DoubleDown Casino","Family Feud","672"
"Tata Docomo","Cricket","667"
"PopChat","FarmVille","659"
"Drama","Comedy","658"
"Stop putting your parents in *OLDAGE HOME*,how can u forget wat they did fr u!!","Cricket","655"
"Katy Perry","American Express","653"
"MTV Roadies","Cricket","632"
"DoubleDown Casino","FarmVille","613"
"Call of Duty: Black Ops","Soccer","605"
"Farmers Insurance","Capital One","599"
"Chess","Cricket","581"
"PopChat","causes.com","556"
"causes.com","Cricket","555"
"Texas Hold'em Poker","Slotomania - Slot Machines","536"
"Football","Chess","529"
"DoubleDown Casino","Slotomania - Slot Machines","527"
"CHILDREN WITHOUT PARENTS","causes.com","517"
"Football","Snaptu","476"
"Yahoo!","American Express","450"
"Texas Hold'em Poker","Grand Poker Fan Page","409"
"Texas Hold'em Poker","Grand Poker","392"
"Texas Hold'em Poker","Perfect Poker","381"
"DoubleDown Casino","Best Casino","371"
"Infibeam","Tata Docomo","369"
"PopChat","Snaptu","354"
"Diary of a Wimpy Kid","SpongeBob SquarePants","354"
"Diary of a Wimpy Kid","Eminem","350"
"Diary of a Wimpy Kid","The Simpsons","340"
"Diary of a Wimpy Kid","Family Guy","326"
"I am Happy Because i Promise you","Happy Club","279"
"Grand Poker Fan Page","Grand Poker","275"
"Happy Club","I love Pets","266"
"I am Happy Because i Promise you","I love Pets","265"
"Walmart","Diary of a Wimpy Kid","215"
